{
    "epsg": 3857,
    "bounds": [
        -20037508.3427892,
        -20037508.3427892,
        20037508.3427892,
        20037508.3427892
    ],
    "origin": [ -20037508.3427892, 20037508.3427892 ],
    "resolutions": [
        156543.033928041,
        78271.5169640205,
        39135.7584820102,
        19567.8792410051,
        9783.93962050256,
        4891.96981025128,
        2445.98490512564,
        1222.99245256282,
        611.49622628141,
        305.748113140705,
        152.874056570353,
        76.4370282851762,
        38.2185141425881,
        19.1092570712941,
        9.55462853564703,
        4.77731426782352,
        2.38865713391176,
        1.19432856695588,
        0.597164283477939,
        0.29858214173897,

        0.149291070869485,
        0.0746455354347425,
        0.03732276771737125,
        0.018661383858685625
    ]
}